{
    "title":[{
        "title": "TechWizard"
    }],
    
    "head":[{
        "title": "Test Devices",
        "iconLaptop": "icon-laptop",
        "iconPhone": "icon-phone-2",
        "iconTablet": "icon-tablet",
        "description": "A continuación ingrese los datos requeridos para el funcionamiento tanto para TechWizard windows como para las aplicaciones móviles (android, Ios).",
        "enableSpeedtestText": "Do you want to enable wired speedtest?",
        "enableSpeedtestTextOption1":"Yes",
        "enableSpeedtestTextOption2":"No"
    }],
    
    "listButton":[
        {
            "applyChange": "Apply Changes",
            "name":"settingAplicationFormButtonApplyChange"
        },
        {
            "clean": "Clean",
            "name":"settingAplicationFormButton_Clean"
        },
        {
            "restore": "Restore",
            "name":"settingAplicationFormButton_Restore"
        }
    ],
    
    "form":[
        {
			"name": "urlDownload",
	        "htmlLabel":"URL Download:",
	        "htmlPlaceholder":"URL Download",
	        "htmlErrorPlaceholder":"",
	        "htmlFormElementName": "settingAplicationInputUrlDownload"
        },
        {
			"name": "timeoutDownload",
	        "htmlLabel":"Time out Download:",
	        "htmlValue":"1",
	        "htmlPlaceholder":"Sec",
	        "htmlErrorPlaceholder":"",
	        "htmlFormElementName": "settingAplicationInputTimeoutDownload"
        },
        {
			"name": "sessionsDownload",
	        "htmlLabel":"Sessions Download:",
	        "htmlValue":"15",
	        "htmlPlaceholder":"Times",
	        "htmlErrorPlaceholder":"",
	        "htmlFormElementName": "settingAplicationInputSessionsDownload"
        },
        {
			"name": "acceptTestDownload",
	        "htmlLabel":"% Accept Test:",
	        "htmlValue":"",
	        "htmlPlaceholder":"%",
	        "htmlErrorPlaceholder":"",
	        "htmlFormElementName": "settingAplicationInputSessionsDownload"
        },
        {
			"name": "urlUpload",
	        "htmlLabel":"URL Upload:",
	        "htmlPlaceholder":"URL Upload",
	        "htmlErrorPlaceholder":"",
	        "htmlFormElementName": "settingAplicationInputUrlUpload"
        },
        {
			"name": "timeoutUpload",
	        "htmlLabel":"Time out Upload:",
	        "htmlValue":"1",
	        "htmlPlaceholder":"Sec",
	        "htmlErrorPlaceholder":"",
	        "htmlFormElementName": "settingAplicationInputTimeoutUpload"
        },
        {
			"name": "sessionsUpload",
	        "htmlLabel":"Sessions Upload:",
	        "htmlValue":"15",
	        "htmlPlaceholder":"Times",
	        "htmlErrorPlaceholder":"",
	        "htmlFormElementName": "settingAplicationInputSessionsUpload"
        },
        {
			"name": "acceptTestUpload",
	        "htmlLabel":"% Accept Test:",
	        "htmlValue":"",
	        "htmlPlaceholder":"%",
	        "htmlErrorPlaceholder":"",
	        "htmlFormElementName": "settingAplicationInputSessionsDownload"
        },
        {
			"name": "urlPing",
	        "htmlLabel":"URL Ping:",
	        "htmlPlaceholder":"URL Ping",
	        "htmlErrorPlaceholder":"",
	        "htmlFormElementName": "settingAplicationInputUrlPing"
        },
        {
			"name": "countPings",
	        "htmlLabel":"Count Pings:",
	        "htmlPlaceholder":"Times",
	        "htmlErrorPlaceholder":"",
	        "htmlFormElementName": "settingAplicationInputCountPings"
        },
        {
			"name": "urlDns",
	        "htmlLabel":"URL Dns:",
	        "htmlPlaceholder":"URL Dns",
	        "htmlErrorPlaceholder":"",
	        "htmlFormElementName": "settingAplicationInputUrlDns"
        },
        {
			"name": "urlTraceroute",
	        "htmlLabel":"URL Traceroute:",
	        "htmlPlaceholder":"URL Traceroute",
	        "htmlErrorPlaceholder":"",
	        "htmlFormElementName": "settingAplicationInputUrlTraceroute"
        },
        {
			"name": "hopsTraceroute",
	        "htmlLabel":"Hops:",
	        "htmlValue":"30",
	        "htmlPlaceholder":"Times",
	        "htmlErrorPlaceholder":"",
	        "htmlFormElementName": "settingAplicationInputDnsHops"
        },
        {
			"name": "urlSpeedtest",
	        "htmlLabel":"URL Speedtest:",
	        "htmlPlaceholder":"URL Speedtest",
	        "htmlErrorPlaceholder":"",
	        "htmlFormElementName": "settingAplicationInputUrlSpeedtest"
        },
        {
			"name": "speedtestSize",
	        "htmlLabel":"% Flash Ookla Size:",
	        "htmlValue":"100",
	        "htmlPlaceholder":"%",
	        "htmlErrorPlaceholder":"",
	        "htmlFormElementName": "settingAplicationInputSpeedtestSize"
        },
        {
			"name": "speedtestPosition",
	        "htmlLabel":"Position Flash Ookla (x,y):",
	        "htmlValue":"0,0",
	        "htmlPlaceholder":"x,y",
	        "htmlErrorPlaceholder":"",
	        "htmlFormElementName": "settingAplicationInputSpeedtestPosition"
        },
        {
			"name": "radioTest",
	        "htmlLabel":"% Accept National Test:",
	        "htmlPlaceholder":"",
	        "htmlErrorPlaceholder":"",
	        "htmlFormElementName": "settingAplicationInputRadioTest"
        },
        {
			"name": "radioTest",
	        "htmlLabel":"% Accept International Test:",
	        "htmlPlaceholder":"",
	        "htmlErrorPlaceholder":"",
	        "htmlFormElementName": "settingAplicationInputRadioTest"
        },
        {
			"name": "vuMeter",
	        "htmlLabel":"VU Meter:",
	        "htmlPlaceholder":"%",
	        "htmlErrorPlaceholder":"",
	        "htmlFormElementName": "settingAplicationInputVuMeter"
        }
        
        
    ],
    
    "content":[{
        "text1": "Sec.",
        "text2": "Times",
        "text3": "National",
        "text4": "International",
        "text5": "All",
        "text6": "Accept test"
    }]
}



